x1,x2,class
0.5488135039273248,0.5928802707811576,1
0.7151893663724195,0.01006369565609333,0
0.6027633760716439,0.47582619585722274,1
0.5448831829968969,0.7087703909410487,1
0.4236547993389047,0.0439754320240906,1
0.6458941130666561,0.8795214830237301,1
0.4375872112626925,0.5200814166356731,1
0.8917730007820798,0.03066104832571792,0
0.9636627605010293,0.2244136119208402,0
0.3834415188257777,0.953675696427313,0
0.7917250380826646,0.5823197330520553,1
0.5288949197529045,0.10747256776880454,1
0.5680445610939323,0.2875445022805615,1
0.925596638292661,0.4567036258604842,1
0.07103605819788694,0.020950069267730465,1
0.08712929970154071,0.4116155136137588,1
0.02021839744032572,0.48945863543469814,1
0.832619845547938,0.2436778752812322,0
0.7781567509498505,0.5886390002919866,1
0.8700121482468192,0.7532401195921768,1
0.978618342232764,0.23583422410563548,0
0.7991585642167236,0.6204999002799877,1
0.46147936225293185,0.6396222429637416,1
0.7805291762864555,0.948540301128841,1
0.11827442586893322,0.7782761672964438,0
0.6399210213275238,0.848345269790006,1
0.1433532874090464,0.49041990843627514,1
0.9446689170495839,0.18534858697938283,0
0.5218483217500717,0.995815292959635,1
0.4146619399905236,0.1293557610386996,1
0.26455561210462697,0.4714573193542654,1
0.7742336894342167,0.0680930992421066,0
0.45615033221654855,0.9438508573508195,1
0.5684339488686485,0.9649249408484396,1
0.018789800436355142,0.7193890620039736,0
0.6176354970758771,0.3499928436301689,1
0.6120957227224214,0.25438240111762433,1
0.6169339968747569,0.2653033245370474,1
0.9437480785146242,0.12729402542007473,0
0.6818202991034834,0.5258089530767229,1
0.359507900573786,0.1418172757014775,1
0.43703195379934145,0.3167306665534563,1
0.6976311959272649,0.6267064759591049,1
0.06022547162926983,0.7275436095907498,0
0.6667667154456677,0.024272704622061214,0
0.6706378696181594,0.4301159843767399,1
0.2103825610738409,0.652124594842139,1
0.1289262976548533,0.8532459761585128,0
0.31542835092418386,0.4753247822120824,1
0.3637107709426226,0.9692058717176852,0
0.5701967704178796,0.2656325475414473,1
0.43860151346232035,0.01350870662671888,1
0.9883738380592262,0.4837528647017362,0
0.10204481074802807,0.25611379502001796,1
0.2088767560948347,0.8237176720231694,0
0.16130951788499626,0.23277267218111208,1
0.6531083254653984,0.3106292182913063,1
0.2532916025397821,0.7912274310191123,0
0.4663107728563063,0.71514325202536,1
0.24442559200160274,0.5580512366572625,1
0.15896958364551972,0.7049480619227595,0
0.11037514116430513,0.4186368635700265,1
0.6563295894652734,0.005310047614667801,0
0.1381829513486138,0.011355128512192558,1
0.1965823616800535,0.5112217875736866,1
0.3687251706609641,0.08329097971899924,1
0.8209932298479351,0.05107548016925678,0
0.09710127579306127,0.9655166391374733,0
0.8379449074988039,0.8590026396580586,1
0.09609840789396307,0.15202722720956952,1
0.9764594650133958,0.0006642185902044906,0
0.4686512016477016,0.9416677953897564,1
0.9767610881903371,0.2783252983201143,0
0.604845519745046,0.1858976028554975,1
0.7392635793983017,0.6915081078315353,1
0.039187792254320675,0.1089037388413262,1
0.2828069625764096,0.2646495980028003,1
0.1201965612131689,0.9750946802120465,0
0.29614019752214493,0.6394627744740102,1
0.11872771895424405,0.5206777914825536,1
0.317983179393976,0.39791861483493773,1
0.41426299451466997,0.774500954884202,1
0.06414749634878436,0.14095747652369373,1
0.6924721193700198,0.9673378020369822,1
0.5666014542065752,0.8611230080657867,1
0.2653894909394454,0.6176569825692433,1
0.5232480534666997,0.042906190402558164,1
0.09394051075844168,0.7008556494477377,0
0.5759464955561793,0.9132843408854808,1
0.9292961975762141,0.524577067478626,1
0.31856895245132366,0.3542248218272628,1
0.6674103799636817,0.12027734497946962,0
0.13179786240439217,0.7549011041375683,0
0.7163272041185655,0.8850218512118062,1
0.2894060929472011,0.10025174407584858,1
0.18319136200711683,0.7589845547523419,0
0.5865129348100832,0.017060486259097507,0
0.020107546187493552,0.9670549180772195,0
0.8289400292173631,0.6150580206350962,1
0.004695476192547066,0.5524390589916331,0
0.6778165367962301,0.2959498335889278,1
0.27000797319216485,0.9292916715697834,0
0.7351940221225949,0.265905627336791,1
0.9621885451174382,0.8281466132166949,1
0.24875314351995803,0.985108679337132,0
0.5761573344178369,0.7833966455148058,1
0.592041931271839,0.5189899203864318,1
0.5722519057908734,0.06607426385167192,0
0.2230816326406183,0.472413789171073,1
0.952749011516985,0.43825594697170356,0
0.44712537861762736,0.20279604118699524,1
0.8464086724711278,0.42358763671430444,1
0.6994792753175043,0.3577578840803387,1
0.29743695085513366,0.16368426115164847,1
0.8137978197024772,0.44137414333248615,1
0.39650574084698464,0.26279995632448905,1
0.8811031971111616,0.5220624206822644,1
0.5812728726358587,0.03516005971619418,0
0.8817353618548528,0.9062314197872842,1
0.6925315900777659,0.8163643055198561,1
0.7252542798196405,0.5525813325105046,1
0.5013243819267023,0.8518085827572431,1
0.9560836347232239,0.9623950738108005,1
0.6439901992296374,0.11052229405266056,0
0.4238550485581797,0.6308318084098038,1
0.6063932141279244,0.9979940009356586,1
0.019193198309333526,0.9878891693335261,0
0.30157481667454933,0.6033229922907446,1
0.660173537492685,0.12802087045081667,0
0.29007760721044407,0.5831928309905282,1
0.6180154289988415,0.0020646355744217137,0
0.42876870094576613,0.19891133466685962,1
0.13547406422245023,0.95612315955996,0
0.29828232595603077,0.3304405726028439,1
0.5699649107012649,0.6383901057769485,1
0.5908727612481732,0.2808594946322427,1
0.5743252488495788,0.9478218871115895,1
0.6532008198571336,0.7285587299494868,1
0.6521032700016889,0.3296511575814126,1
0.43141843543397396,0.7917614211803709,1
0.896546595851063,0.10816552447633765,0
0.36756187004789653,0.3923189400654594,1
0.4358649252656268,0.22121812773159233,1
0.8919233550156721,0.6837264472760463,1
0.8061939890460857,0.10244628177193038,0
0.7038885835403663,0.3970258322826741,1
0.10022688731230112,0.2766497302091896,1
0.9194826137446735,0.5063429193238042,1
0.7142412995491114,0.3498976805038789,1
0.9988470065678665,0.706410577667011,1
0.14944830465799375,0.024577024306966067,1
0.8681260573682142,0.6339869213059075,1
0.16249293467637482,0.23057128969382001,1
0.6155595642838442,0.2687090287568493,1
0.12381998284944151,0.8002556035835235,0
0.8480082293222344,0.9555683939804208,1
0.8073189587250107,0.3165502100270866,1
0.5691007386145933,0.8268052703690757,1
0.40718329722599966,0.1039908379712331,1
0.06916699545513805,0.6339816530073832,0
0.6974287731445636,0.7510322995349188,1
0.45354268267806885,0.15597792803445654,1
0.7220555994703479,0.42600238766956056,1
0.8663823259286292,0.8927071642489816,1
0.9755215050028858,0.10357846344837218,0
0.855803342392611,0.01809635820147515,0
0.011714084185001972,0.5905853790479337,0
0.3599780644783639,0.43553154053093346,1
0.729990562424058,0.7986892488839027,1
0.17162967726144052,0.9234555382041066,0
0.5210366062041293,0.2991536445438161,1
0.05433798833925363,0.3884041171691053,1
0.19999652489640007,0.48627208632931485,1
0.01852179446061397,0.5881514604352993,0
0.7936977033574206,0.9838538296816167,1
0.22392468806038013,0.6973302508300515,1
0.3453516806969027,0.3895485073455688,1
0.9280812934655909,0.2637676864504621,0
0.7044144019235328,0.9446257184221241,1
0.03183892953130785,0.1355484331085064,1
0.16469415649791275,0.720265852504758,0
0.6214784014997635,0.9253950252924407,1
0.5772285886041676,0.6646655865344386,1
0.23789282137450862,0.42305444016612115,1
0.9342139979247938,0.198990939925484,0
0.613965955965896,0.36747532225192725,1
0.5356328030249583,0.7068718094201221,1
0.589909976354571,0.6495342241752968,1
0.7301220295167696,0.9279761665983579,1
0.31194499547960186,0.8668609136593749,0
0.3982210622160919,0.8161507522663684,1
0.20984374897512215,0.9114508753507623,0
0.18619300588033616,0.2763371527370494,1
0.9443723899839336,0.3695235401396495,0
0.7395507950492876,0.3798939037860174,1
0.4904588086175671,0.5604505887097803,1
0.22741462797332324,0.668218229542771,1
0.25435648177039294,0.2867166830403943,1
0.05802916032387562,0.019462467309300346,1
0.4344166255581208,0.3992223836579093,1
0.3117958819941026,0.3085279595544005,1
0.6963434888154595,0.9421847190180479,1
0.3777518392924809,0.8882650405440435,0
0.1796036775596348,0.8603106783434196,0
0.02467872839133123,0.652999760945243,0
0.06724963146324858,0.3442891646989389,1
0.6793927734985673,0.5488492673993047,1
0.4536968445560453,0.8152250407163727,1
0.5365792111087222,0.09861036872281104,1
0.8966712930403421,0.8010748802553047,1
0.9903389473967044,0.04117979132812166,0
0.21689698439847394,0.8164210312143557,0
0.6630782031001008,0.8075638041598735,1
0.26332237673715064,0.051007308828755815,1
0.02065099946572868,0.6271607114618583,0
0.7583786538361414,0.5024530743128972,1
0.32001715082246784,0.16981950317171468,1
0.38346389417189797,0.14837893767737564,1
0.5883171135536057,0.7732591260670232,1
0.8310484552361904,0.5676927488368441,1
0.6289818435911487,0.9829991349165325,1
0.8726506554473953,0.9822477772883441,1
0.27354203481563577,0.9926669934642663,0
0.7980468339125637,0.11861551836576589,0
0.1856359443059522,0.9382561369639623,0
0.9527916569719446,0.2445696090205628,0
0.6874882763878153,0.458212259758612,1
0.21550767711355845,0.7574065558217259,0
0.9473705904889242,0.20362093207723198,0
0.7308558067701578,0.5663116055543299,1
0.25394164259502583,0.1858167482259957,1
0.21331197736748198,0.1047361066812933,1
0.5182007139306632,0.11655861242959853,1
0.025662718054531575,0.3576390348482188,1
0.2074700754411094,0.004654836837183485,1
0.42468546875150626,0.4248539212016895,1
0.37416998033422555,0.664197105081149,1
0.4635754243648107,0.40168818500398873,1
0.2776287062947319,0.08579460051983512,1
0.5867843464581688,0.06268886202364055,0
0.8638556059232314,0.2781165127648617,0
0.11753185596203308,0.16931269054360076,1
0.5173791071541142,0.9650949732179694,1
0.1320681063451533,0.151230224974085,1
0.7168596811925937,0.8054624374049966,1
0.39605970280729375,0.5861079417411448,1
0.565421311858509,0.5692869199842944,1
0.18327983621407862,0.5120807159237846,1
0.14484775934337724,0.9717630761139511,0
0.48805628064895457,0.3638447750916378,1
0.3556127378499556,0.7879157509538762,1
0.940431945252813,0.5552941074669596,1
0.7653252538069653,0.39563366762572616,1
0.7486636198505473,0.9554659333057809,1
0.9037197397459334,0.5983159693646871,1
0.08342243544201855,0.11891694214601356,1
0.5521924699224066,0.4175392009968566,1
0.5844760689557689,0.7815817276816076,1
0.961936378547229,0.6937470232392138,1
0.29214752679254885,0.9163403298365742,0
0.24082877991544682,0.25937738414152023,1
0.10029394226549782,0.7581937163538238,0
0.016429629591474204,0.4598752073945209,1
0.9295293167921905,0.5736097469668154,1
0.66991654659091,0.955046681006283,1
0.7851529120231378,0.9792863199891774,1
0.2817301057539491,0.8615909639255636,0
0.5864101661863267,0.35909708773029625,1
0.06395526612098112,0.8877008357273198,0
0.4856275959346229,0.638609177641413,1
0.9774951397444468,0.4299967804707131,0
0.8765052453165908,0.035742682500483736,0
0.33815895183684563,0.7701281241915822,1
0.9615701545414985,0.502105580724113,1
0.2317016264712045,0.7861884994650608,0
0.9493188224156814,0.7480227993432699,1
0.9413777047064986,0.7935673680483519,1
0.7992025873523917,0.30065115869676684,1
0.6304479368667911,0.800798599067631,1
0.874287966624947,0.5488463284661673,1
0.2930202845077967,0.4733262004491432,1
0.8489435553129182,0.6751259138207569,1
0.6178766919175238,0.021358682938348306,0
0.01323685775889949,0.10231681588759423,1
0.34723351793221957,0.292177365167522,1
0.14814086094816503,0.9829901099578396,0
0.9818293898182532,0.13974577886495498,0
0.47837030703998806,0.3305963007592103,1
0.4973913654986627,0.05105306469192361,1
0.6394725163987236,0.3312688802927263,1
0.3685846061296175,0.3203262865108316,1
0.13690027168559893,0.9468071709445222,0
0.8221177331942455,0.8451540869957204,1
0.18984791190275796,0.3827642192427715,1
0.511318982546456,0.02476905803924867,1
0.22431702897473926,0.8310311139953782,0
0.09784448449403405,0.6605361771445402,0
0.8621915174216833,0.15236448365130972,0
0.9729194890231303,0.9960712710101872,1
0.9608346580630002,0.10023343742412305,0
0.906555499221179,0.8671145415936629,1
0.7740473326986388,0.294266164129689,1
0.3331451520286419,0.43535346632515703,1
0.08110138998799676,0.7954565267763146,0
0.40724117141380733,0.6775083559940103,1
0.23223414217094274,0.9378643744440391,0
0.13248763475798297,0.6211403254603832,1
0.05342718178682526,0.09781016147905275,1
0.7255943642105788,0.8843603632419503,1
0.011427458625031028,0.7691555249885911,0
0.7705807485027762,0.711870450893322,1
0.14694664540037505,0.05373354735373537,1
0.07952208258675575,0.396222744661744,1
0.08960303423860538,0.16743581945953923,1
0.6720478073539145,0.821903908407869,1
0.24536720985284477,0.7005286228178628,1
0.42053946668009845,0.8830775973191353,1
0.5573687913239169,0.9665751069241639,1
0.8605511738287938,0.7747476141924986,1
0.7270442627113283,0.9942330832207621,1
0.27032790523871464,0.6147698861442988,1
0.1314827992911276,0.037129603891447815,1
0.05537432042119794,0.01425151515029588,1
0.3015986344809425,0.3421038752037887,1
0.26211814923967824,0.8234717190675371,0
0.45614056680047965,0.866134706324731,1
0.6832813355476804,0.9608125288226779,1
0.6956254456388572,0.0651214685488184,0
0.28351884658216664,0.044571110987664087,1
0.3799269559001205,0.9132835963670337,0
0.18115096173690304,0.3050466983628616,1
0.7885455123065187,0.5579874006096327,1
0.0568480764332403,0.9824448830007099,0
0.6969972417249873,0.40044853473592334,1
0.7786953959411034,0.6658713983098399,1
0.7774075618487531,0.4008795636319853,1
0.25942256434535493,0.7681946644627797,0
0.37381313793256143,0.5277147255728658,1
0.587599635196389,0.23752313798634972,1
0.272821902424467,0.2713061012584662,1
0.3708527992178887,0.25805921253840725,1
0.19705428018563964,0.5323203282585608,1
0.4598558837560074,0.7031890160156643,1
0.044612301254114084,0.9492799000431421,0
0.799795884570618,0.6940873750829799,1
0.07695644698663273,0.7811928439623906,0
0.518835148831526,0.16892611586456563,1
0.3068100995451961,0.3740626250073257,1
0.5775429488313755,0.4137802198582661,1
0.9594333408334251,0.686380230000473,1
0.6455702444560039,0.2958919763768736,1
0.03536243575549092,0.3032919214196661,1
0.43040243950806123,0.3558891546408681,1
0.5100168523182502,0.8103020815432322,1
0.536177494703452,0.5775900900433487,1
0.6813925106038379,0.07527727983273447,0
0.2775960977317661,0.0782460996904688,1
0.1288605654663202,0.3712869442824993,1
0.39267567654709434,0.7665910506061583,1
0.9564057227959488,0.6886834264786805,1
0.18713089175084474,0.7079823546511866,0
0.903983954928237,0.7672100660540969,1
0.5438059500773263,0.2871527128863294,1
0.4569114216457658,0.548256281942088,1
0.8820414102298896,0.5433526403167696,1
0.45860396176858587,0.7396325011799493,1
0.7241676366115433,0.9568705691056464,1
0.399025321703102,0.2779899447954659,1
0.9040443929009577,0.7932816727570482,1
0.6900250201912274,0.6599705485232624,1
0.6996220542505167,0.5802378708634601,1
0.3277204015571189,0.7748797793474019,1
0.7567786427368892,0.9440324664280993,1
0.6360610554471413,0.03669141786941299,0
0.24002027337970955,0.14740010251322067,1
0.16053882248525642,0.7562872315011158,0
0.7963914745173317,0.08379135291008455,0
0.9591666030352225,0.516123700741093,1
0.45813882726004285,0.21986077664160697,1
0.5909841653236849,0.2742957038427515,1
0.8577226441935546,0.7018404829444163,1
0.45722345335385706,0.030192773268711615,1
0.9518744768327362,0.8733194279019036,1
0.5757511620448724,0.44447895535227,1
0.820767120701315,0.5023932939071011,1
0.9088437184127384,0.5400479636936919,1
0.8155238187685688,0.6455442945794939,1
0.15941446344895593,0.3448565866227481,1
0.6288984390617004,0.10110749056349133,0
0.3984342586196771,0.31837893666617656,1
0.0627129520233457,0.1681421180228203,1
0.42403225188984195,0.5561331794504739,1
0.2586840668894077,0.31802863096038647,1
0.8490383084285108,0.9580671779934349,1
0.03330462654669619,0.9657342779802807,0
0.9589827218634736,0.6201258805682415,1
0.3553688484719296,0.617497267667286,1
0.3567068904025429,0.9853785645671059,0
0.01632850268370789,0.887283151235186,0
0.18523232523618394,0.76506994915814,0
0.4012595008036087,0.3135906117427012,1
0.9292914173027139,0.36553902811807637,0
0.09961493022127133,0.20126676576086544,1
0.9453015334790795,0.48714812691737464,1
0.8694885305466322,0.9903685221395796,1
0.4541623969075518,0.9121509530115888,1
0.32670088176826007,0.11834943401946907,1
0.23274412927905685,0.02519028929050615,1
0.6144647064768743,0.8986376684082662,1
0.03307459147550562,0.5371701279487074,0
0.015606064446828216,0.20018988820845618,1
0.42879572249823783,0.6736532695846353,1
0.0680740739747202,0.64422317792982,0
0.2519409882460929,0.12208560683646719,1
0.22116091534608384,0.2596002334976195,1
0.2531911937228519,0.06007796431325796,1
0.13105523121525775,0.20986047387014195,1
0.01203622289765427,0.13230567485306288,1
0.11548429713874808,0.1932362924745561,1
0.6184802595127479,0.685467145913117,1
0.9742562128180503,0.049499744261067735,0
0.9903450015608939,0.10185461524821648,0
0.4090540953730616,0.13417363807828764,1
0.16295442604660537,0.316541120958134,1
0.6387617573665293,0.2987503108519409,1
0.49030534654873714,0.2550637853166394,1
0.9894097772844315,0.7505366534324163,1
0.0653042071517802,0.9980227877581006,0
0.7832344383138131,0.5339779236287958,1
0.2883984973314939,0.9442027179139421,0
0.241418620076574,0.3966101121260647,1
0.662504571532676,0.10668244680271344,0
0.24606318499096447,0.4087738294698373,1
0.6658591175591877,0.2961277734146933,1
0.5173085172022888,0.49340696228917813,1
0.4240889884358493,0.6570436769164232,1
0.554687808661419,0.4610502191524082,1
0.28705151991962974,0.9351605120778256,0
0.7065747062729789,0.8847648222993799,1
0.414856869333564,0.7019775951661972,1
0.36054556048589226,0.48968491236454914,1
0.8286569145557378,0.13168728181445688,0
0.9249669119531921,0.3970136667776334,0
0.046007310887296926,0.7044015394011737,0
0.2326269928297655,0.2848855205537312,1
0.34851936949256324,0.10398807754342043,1
0.8149664793702474,0.9078984575106281,1
0.9854914276432976,0.7090508098155446,1
0.9689717046703518,0.6152764266350972,1
0.9049483455499269,0.7924989056089166,1
0.2965562650640299,0.8356460375834757,0
0.9920112434144741,0.48345899817102334,0
0.2494200410564512,0.88118825140944,0
0.1059061548822322,0.9164190107011054,0
0.9509526110553941,0.2715510954247814,0
0.2334202554680963,0.6075453597907943,1
0.6897682650777505,0.5265840288204692,1
0.05835635898058866,0.5379457791519024,1
0.7307090991274762,0.937663093964562,1
0.8817202123338397,0.305188702693029,0
0.2724368954659625,0.9834339782345762,0
0.37905689607742854,0.9021312148042321,0
0.3742961833209161,0.45872288861350263,1
0.7487882575401331,0.8174532636181662,1
0.23780724253903884,0.7690469943201406,0
0.171853099047643,0.6778949696185212,0
0.4492916486877381,0.31983388938315427,1
0.3044684073773195,0.19645099182095394,1
0.8391891222586524,0.6715276967657582,1
0.23774182601563876,0.8429732964010842,0
0.5023894574892614,0.01625278867736968,1
0.9425835996979304,0.6428033753085121,1
0.6339976977446607,0.44287302462221245,1
0.8672894054624648,0.8980877551269836,1
0.9402096893547673,0.32147293085420525,0
0.7507648618863519,0.47418481226362175,1
0.6995750602247514,0.5147671040351863,1
0.9679655666042271,0.14043952137105298,0
0.9944007896476794,0.7128923026989064,1
0.45182168266975964,0.8304763451209596,1
0.07086977818420837,0.05790927689626024,1
0.29279403144051885,0.29138882053690274,1
0.15235470568773046,0.03804468153505791,1
0.4174863747960118,0.9565441046882424,0
0.13128932847325603,0.6671688207038236,0
0.604117804020882,0.9642004194547815,1
0.3828080591578541,0.5314942783313078,1
0.89538588428821,0.8020685238956139,1
0.9677946717985019,0.37441398387974,0
0.5468849016694222,0.3538190325726409,1
0.2748235698675966,0.3782678171051327,1
0.5922304187618368,0.6578621337264282,1
0.8967611582244098,0.3594531510216522,0
0.4067333458357483,0.9003674516042256,1
0.5520782766919708,0.9832748650501553,1
0.2716527676061459,0.03042651533700591,1
0.455444149450027,0.19362329040249648,1
0.40171353537959864,0.112249992587386,1
0.24841346508297102,0.04236404709144326,1
0.5058663838253084,0.22774099334728648,1
0.3103808259798114,0.44679332036908115,1
0.37303486388074747,0.8369903652886838,1
0.5249704422542643,0.2218240305099961,1
0.7505950229289875,0.49394525566220127,1
0.3335074657912753,0.9296187394467544,0
0.9241587666207636,0.6672147067866749,1
0.8623185468359024,0.7980790197559975,1
0.04869029597552854,0.5509939701854862,0
0.25364252425682277,0.98046645884063,0
0.4461355126592019,0.5886621546814742,1
0.10462788874247408,0.04551071396259154,1
0.3484759890334971,0.19798279993979484,1
0.7400975256176825,0.40477362895714797,1
0.6805144811428259,0.6012771725737763,1
0.6223844285660048,0.7719308674089599,1
0.7105284027223456,0.41308612590388627,1
0.20492368695970176,0.7100583050156887,0
0.3416981148647321,0.789869503109125,1
0.6762424822774629,0.3172601972499828,1
0.8792347630313271,0.9792702400358185,1
0.5436780538280952,0.6496564952358356,1
0.2826996509455366,0.8809980607861312,0
0.03023525800598259,0.5559376888086067,0
0.7103368289742134,0.7416031071523237,1
0.007884103508440377,0.7705440616163653,0
0.3726790698209955,0.908248379234579,0
0.5305372145627818,0.1503497568713703,1
0.922111461767193,0.5582834241692485,1
0.08949454503290011,0.4283785131058563,1
0.4059423219682837,0.9231590211737403,0
0.024313199710157773,0.1050946942489992,1
0.3426109843415903,0.9825738886809128,0
0.6222310588397949,0.8754513240932963,1
0.2790679482285984,0.07382628156424853,1
0.2097499496556351,0.49096638554047445,1
0.11570323332709365,0.7175595002125259,0
0.5771402440203418,0.7381515456910565,1
0.695270005904686,0.9064941252379208,1
0.6719571405958223,0.7998654355823109,1
0.9488610207205074,0.3109303803440895,0
0.0027032138935026984,0.4984347858624524,1
0.647196653894036,0.701785762935854,1
0.6003922370976396,0.13843684136435142,1
0.5887396099702882,0.19399079760019733,1
0.9627703198402424,0.4810424481098726,1
0.016871673370039697,0.2982457987055127,1
0.6964824307014501,0.8625592497840949,1
0.8136786497018634,0.586277321520618,1
0.5098071966215841,0.3486651977183677,1
0.33396486959680916,0.8488330256044101,0
0.7908401632274049,0.8048784485542388,1
0.09724292563242465,0.9983548770992695,0
0.44203563772992527,0.8473076883337348,1
0.5199523745708382,0.4144565348056797,1
0.6939564109345475,0.12749888176998847,0
0.09088573203240946,0.8406409082004779,0
0.22775950153786095,0.05975791796039398,1
0.41030156269012563,0.3502712073448542,1
0.6232946730201306,0.9197379807712738,1
0.8869607812174175,0.9607664734451007,1
0.6188261682413765,0.6405645935212184,1
0.13346147093493443,0.6886483169837135,0
0.9805801327872824,0.04245448872552249,0
0.8717857347554929,0.5144803410895479,1
0.502720761145324,0.5468681788063412,1
0.922347981796633,0.3401007461241111,0
0.5413807937571358,0.06859683475388434,1
0.9233060678891631,0.228907599724394,0
0.8298973686033432,0.35798393686119634,1
0.9682864102942973,0.4351419865163296,0
0.9197828107781584,0.5909267255335692,1
0.03603381742856948,0.7223915186982364,0
0.17477200416093996,0.31763187327394615,1
0.38913467710118577,0.3289537599189831,1
0.9521426972954208,0.019691642723703717,0
0.3000289194759296,0.040874860094018306,1
0.16046764388760104,0.2578216943085364,1
0.8863046660865599,0.7402449976749567,1
0.4463944154832029,0.6283138303739122,1
0.9078755943543261,0.7697890206778347,1
0.16023046632014326,0.7689194362148217,0
0.6611175115080995,0.8565674676693013,1
0.4402637528294918,0.7203192659868836,1
0.0764867690302854,0.9790109190008228,0
0.6964631446525006,0.8988252193018174,1
0.2473987555391537,0.5867171662232342,1
0.039615522579517726,0.5881576704911717,0
0.05994429824957326,0.034267040352229494,1
0.06107853706678734,0.9985265777083543,0
0.9077329574850395,0.13157599736614178,0
0.739883917829101,0.740347196631592,1
0.8980623572137351,0.8210151951243089,1
0.6725823112965214,0.3730545293052032,1
0.5289399290308832,0.19685205466531375,1
0.30444636434737826,0.09875988679055503,1
0.9979622513286734,0.7486060058295778,1
0.36218905893938935,0.4526535292056957,1
0.47064894921390954,0.7137177590011357,1
0.37824517492346177,0.9154076488518006,0
0.9795269293354586,0.1465837361510567,0
0.17465838539500578,0.9191710007237996,0
0.32798800090807967,0.4116264595084367,1
0.6803486660150015,0.30526700989728905,1
0.06320761833863064,0.9430622606027791,0
0.607249374011541,0.9906516926063994,1
0.4776465028764161,0.19889221776744814,1
0.2839999767621011,0.6568383469519833,1
0.238413280924058,0.10649531377106036,1
0.5145127432987567,0.6509140038575058,1
0.36792758053704133,0.8273132277758497,1
0.45651989126265535,0.6844985465240676,1
0.3374773817642399,0.41733314206259575,1
0.9704936935959776,0.38306635956376955,0
0.13343943174560402,0.39312241522341707,1
0.0968039531783742,0.5897118179929232,1
0.34339172879091606,0.8815672700724956,0
0.5910269008704913,0.9290661572687678,1
0.6591764718500283,0.05352962020731811,0
0.39725674716804205,0.1816223946456883,1
0.9992779939221711,0.11222431582828851,0
0.3518929961930426,0.19333464076691398,1
0.7214066679599525,0.3466078106091718,1
0.6375826945307929,0.5065316826226238,1
0.8130538632474607,0.6294612270091522,1
0.97622566345382,0.7321422191397015,1
0.8897936564455402,0.8901115413858071,1
0.7645619743577086,0.9890884372297908,1
0.6982484778182906,0.6628564785571198,1
0.3354981696758996,0.845364518667763,0
0.14768557820670736,0.7780388469246989,0
0.06263600305980976,0.30753203921871197,1
0.24190170420148482,0.875692270234923,0
0.4322814811812986,0.042763137947798846,1
0.5219962736299825,0.00036734375145786036,0
0.7730835540548716,0.2737326293884642,1
0.958740923056593,0.4620975296274499,1
0.11732048038481102,0.6383628950006773,0
0.10700414019379156,0.1017702665445448,1
0.5896947230135507,0.67301013383484,1
0.745398073947293,0.8018158670596945,1
0.8481503803469849,0.1853129195793668,0
0.9358320802167885,0.41512525483179386,0
0.983426242260642,0.5199849899533098,1
0.3998016922245259,0.45180701808448065,1
0.3803351835275731,0.7998299308884707,1
0.14780867669727238,0.9605223981193308,0
0.6849344386835594,0.79895316400818,1
0.6567619584408371,0.07799281787582457,0
0.8620625958512073,0.8049355721591271,1
0.09725799478764063,0.06659633223555117,1
0.4977769078253418,0.23597038524157,1
0.5810819296720631,0.1530968968357228,1
0.2415570400399184,0.19751910684608542,1
0.16902540612916128,0.5283151270573506,1
0.8595808364196215,0.6716898576108536,1
0.058534922235558784,0.470321282336041,1
0.4706209039180729,0.9596956390292436,1
0.11583400130088528,0.24029232003016665,1
0.45705876133136736,0.7631402302547929,1
0.9799623263423093,0.8701821785071485,1
0.4237063534554728,0.5620661107547191,1
0.8571249175045673,0.4562225019615531,1
0.11731556418319389,0.5961844467792436,1
0.27125207676186414,0.42880977016034294,1
0.4037927406673345,0.5551938823233694,1
0.39981214000933074,0.4169339521288016,1
0.6713834786701531,0.40046971029413403,1
0.34471812737550767,0.6953464681395298,1
0.7137668684100164,0.09285121306796795,0
0.6391868992253925,0.16654207272882082,1
0.3991611452547731,0.851198471715004,1
0.43176012765431926,0.771077346815188,1
0.6145276998103207,0.2814537272943938,1
0.07004219014464463,0.3772689326657602,1
0.8224067383556903,0.9260265066284805,1
0.6534211611136369,0.8180772251738613,1
0.7263424644178352,0.6143462999796309,1
0.5369230010823904,0.22149017880295774,1
0.11047711099174473,0.04425197131526959,1
0.4050356132969499,0.43125784684189816,1
0.40537358284855607,0.6726271392574619,1
0.3210429900432169,0.8284804905178516,0
0.02995032490474936,0.8526890057422694,0
0.7372542425964773,0.032775901293363385,0
0.1097844580625007,0.24415703383687937,1
0.6063081330450851,0.33909458847740304,1
0.7032174964672158,0.18873221095938586,0
0.6347863229336947,0.8029753783638378,1
0.959142251977975,0.7674657630849425,1
0.10329815508513862,0.5168330403809708,1
0.8671671591051991,0.9829264779958555,1
0.029190234848913255,0.14405854109084226,1
0.534916854927084,0.8996517033276689,1
0.4042436179392588,0.11646325416191616,1
0.5241838603937582,0.1631817055141207,1
0.3650998770600098,0.6962192002506188,1
0.19056691494006806,0.10956969204168931,1
0.01912289744868978,0.5658450954187109,0
0.5181498137911743,0.4202335364726536,1
0.8427768626848423,0.7284739655410148,1
0.37321595574479416,0.9006752388088651,0
0.22286381801498023,0.7698715146690553,0
0.08053200347184408,0.8496898764211883,0
0.08531092311870336,0.03294544853123238,1
0.22139644629277222,0.3101954982442031,1
0.10001406092155518,0.5154330866863324,1
0.26503969836448205,0.41595331462977947,1
0.06614946211695472,0.23125495297968846,1
0.06560486720992564,0.3078740979600233,1
0.8562761796227819,0.9454309703916057,1
0.16212026070883323,0.29418087987135155,1
0.559682405823448,0.35390411017978574,1
0.7734555444490305,0.0037097737500186856,0
0.4564095653390666,0.8450776272778745,1
0.15336887785934572,0.15484070340157663,1
0.19959614212011434,0.20414427551372605,1
0.43298420628118073,0.2552645170920256,1
0.5282340891785358,0.8846220568448426,1
0.3494402920485349,0.20645141124631472,1
0.7814796002346613,0.7975263608679399,1
0.7510216488563984,0.8080493403229045,1
0.9272118073731179,0.9270205687863958,1
0.02895254902696054,0.11556131360031396,1
0.8956912912102034,0.21727897233783133,0
0.39256878846215104,0.7428982920807213,1
0.8783724953799941,0.19600075428073904,0
0.6907847761565296,0.286329546873449,1
0.9873487570739682,0.16674158011136264,0
0.7592824517166681,0.1726966861550493,0
0.3645446259967866,0.4815533546282057,1
0.5010631728347521,0.10968306211295853,1
0.37638915519435123,0.3216976184636222,1
0.3649118360212381,0.426593909598879,1
0.26090449938105975,0.024548116523977592,1
0.4959702953734696,0.3883331664744526,1
0.6817399450693612,0.09412243608551696,0
0.2773402713052435,0.49357853114617667,1
0.52437981107722,0.8257381885570964,1
0.11738029417055718,0.8184221621817872,0
0.1598452868541913,0.08044851553740051,1
0.04680635471218875,0.6012277576745202,0
0.9707314427706328,0.8345863819712365,1
0.0038603515102610952,0.23797254293463532,1
0.1785799680576563,0.7619265114495991,0
0.6128667531169923,0.8907643464500933,1
0.0813695988533053,0.8061241514404441,0
0.8818965030968323,0.10730103151550452,0
0.7196201578422882,0.009059999522384898,0
0.9663899714378934,0.19172410992184563,0
0.5076355472407649,0.27047734094662323,1
0.3004036831584872,0.6161829906159595,1
0.5495005727952714,0.3842731752423184,1
0.9308187172979732,0.7034070306614735,1
0.5207614372418605,0.3530749605216086,1
0.26720703186231864,0.1544254246546003,1
0.8773987891741196,0.3126898434860351,0
0.3719187485124613,0.884324226389135,0
0.0013833499989991394,0.9585323442450648,0
0.24768502249231594,0.20751273406736848,1
0.3182335091770624,0.7884683870244413,1
0.8587774682319022,0.2733487365398707,0
0.458503167066445,0.8871315434314075,1
0.44458728781130075,0.16554561279625546,1
0.3361022663998874,0.6659599186940569,1
0.8806781230470796,0.08421126471318252,0
0.9450267769403914,0.9738933239738695,1
0.9918903291546294,0.7006333446405428,1
0.37674126696098675,0.8418157394050853,1
0.9661474456271714,0.5666693393630345,1
0.7918795696309013,0.4768013639288602,1
0.6756891476442668,0.6218823913943651,1
0.24488947942009942,0.528741511699448,1
0.2164572609442098,0.469384355145153,1
0.16604782452124567,0.7594502514576428,0
0.9227566102253654,0.17820095493926813,0
0.2940766623831661,0.17117204815515852,1
0.45309424544887844,0.4318426506497062,1
0.4939578339872235,0.320747916044946,1
0.7781715954502542,0.0741245179130241,0
0.8442349615530241,0.8444704924187344,1
0.1390727011486128,0.7716028066943498,0
0.4269043602110737,0.5439214998029848,1
0.8428548878354571,0.979324537264369,1
0.8180333057558384,0.07260006654760531,0
0.1024137584524164,0.766669301027875,0
0.156383348867963,0.2663703916090968,1
0.3041986915994078,0.3685989199435754,1
0.07535906908334034,0.21927938520306756,1
0.4246630028405929,0.7890378914618652,1
0.10761770514958191,0.144240102021566,1
0.568217593669845,0.840016697735278,1
0.24655693981115612,0.6615776482298339,1
0.5964330653496227,0.05902324526911473,0
0.11752564290363765,0.8109817316001534,0
0.9758838684185334,0.6277557161629794,1
0.9325612038573404,0.9049823195783415,1
0.3917969385646658,0.7487223064086382,1
0.24217859412608544,0.5611209274297748,1
0.2503982128535728,0.8365471806191977,0
0.48339353520239203,0.2780502383012221,1
0.03999280190071697,0.5469500618445636,0
0.639705106075127,0.29361681980341015,1
0.4083029083397448,0.9682043910905087,0
0.3774065725888873,0.22619630084200637,1
0.8093649714891984,0.015738239670462506,0
0.70903546018329,0.3258548420037962,1
0.954333815392692,0.5025093969698047,1
0.3519362404956907,0.028362934230075076,1
0.8975427646494055,0.5592483000339074,1
0.7699671862500889,0.8742827749512302,1
0.35742465159471304,0.7047321944166701,1
0.6216654364532578,0.6229683229783043,1
0.2885699576516956,0.9559617507082513,0
0.8743999170748423,0.9582793338421058,1
0.11242731721231125,0.8242664697032286,0
0.21243436129404103,0.607741847385851,1
0.18303329207992114,0.4877645594977067,1
0.40302600240428865,0.01331611324646731,1
0.7452329600321291,0.6062619062265414,1
0.5269074490521803,0.9890880753568537,1
0.48767632353820756,0.818101050024029,1
0.0005459648969956543,0.34060464388435197,1
0.4254017253550547,0.15204702504442202,1
0.06355377483615843,0.7840586144671541,0
0.20825325212148382,0.7439378206317415,0
0.9323939389604944,0.9670467919793231,1
0.2153982043432382,0.8748423619393388,0
0.8583376386342625,0.5556626252724074,1
0.8028933715613342,0.10128424696474214,0
0.15914623694224284,0.48350065838396006,1
0.6057119572702788,0.313695054022317,1
0.11566187190501331,0.5124084820248398,1
0.7278881583695115,0.3017015746396532,1
0.6374622773722066,0.8618229919755958,1
0.8119385616910193,0.8443270139828222,1
0.47938454938918806,0.3154651571670559,1
0.9148630878333829,0.599581346373995,1
0.04934894678843971,0.4301808576390541,1
0.29288856502701466,0.9090927570285632,0
0.715052597465167,0.18736090142632278,0
0.41810921174800086,0.6977284017849593,1
0.17295135427115638,0.9703753278372166,0
0.10721074542854603,0.17527551956309018,1
0.8173391114616214,0.2019664284242032,0
0.47314297846564424,0.6937233386722279,1
0.8822836719191074,0.7791539245249139,1
0.733289134316726,0.49054905479393274,1
0.4097262056307436,0.6096864651471213,1
0.37351101415568366,0.21268240881182876,1
0.5156383466512517,0.47661422856732605,1
0.8890599531897286,0.11207188087491515,0
0.7372785797141679,0.3214219252756647,1
0.00515296426902323,0.2847797050309543,1
0.6941578513691256,0.44462536010242004,1
0.9195074069058207,0.9301263622436969,1
0.7104557595044916,0.1812676621478424,0
0.1770057815674959,0.4013882466247205,1
0.4835181274274587,0.6155972191096447,1
0.1403160179234194,0.9465570860740017,0
0.3589952783396321,0.13314819153576818,1
0.9371170419405177,0.9178766169931135,1
0.9233053075587083,0.08105378863406154,0
0.2828368521760829,0.4807413971602644,1
0.33963104416619916,0.4545898672304828,1
0.6002128681312939,0.20960272887719555,1
0.96319729526038,0.3474596681158475,0
0.14780133406539042,0.4541652683483981,1
0.2569166436866691,0.8652114629106292,0
0.8735568272907714,0.9550641453735598,1
0.4918922317083445,0.5189256786371652,1
0.8989610922270317,0.8700997902944219,1
0.18551789752317627,0.6081715856767794,1
0.5326685874713607,0.34908734198767544,1
0.32626963264937237,0.19419420761346906,1
0.31654255989247604,0.4131347717827648,1
0.44687696394619913,0.5228242829238477,1
0.43307744910126844,0.04444338825955618,1
0.3573468796779544,0.14584116587085072,1
0.9149707703156186,0.60018442398144,1
0.7317441854328928,0.22500159467716208,0
0.7275469913315297,0.8373263760812975,1
0.2899134495919554,0.3269422497741906,1
0.5777094243168404,0.10483420725325088,1
0.779179433301834,0.08353058855531703,0
0.7955903685432131,0.9371230205317796,1
0.34453046075431226,0.11802031124187917,1
0.7708727565686478,0.14090976416206002,0
0.735893896807733,0.862666057932753,1
0.14150648562190027,0.254288130277344,1
0.8659454685664772,0.6659514107544161,1
0.4413214701804108,0.8167256870298913,1
0.48641044888866547,0.6071806401301921,1
0.4483691788979973,0.9574885434478494,0
0.5678460014775075,0.7088828992608414,1
0.6211692473670547,0.11275150990365834,0
0.4981795657629434,0.5584100265458799,1
0.8667885432590956,0.7181865260891839,1
0.6277347561952844,0.8019572403734452,1
0.40142794930551995,0.02632133528409153,1
0.41669175690871096,0.7188789152714244,1
0.8108386151289514,0.8256808210194495,1
0.3481919427465201,0.7468338109353565,1
0.21145479578241355,0.5123491456555981,1
0.059383188005789234,0.4580209630888029,1
0.8760268479205742,0.5494185832998159,1
0.9185464511903499,0.704643698826602,1
0.12012018216347597,0.9229142906324854,0
0.33447374149611486,0.617035210641125,1
0.17537206951524387,0.8878343062834696,0
0.11589846882587973,0.7012568474457274,0
0.8998667430000302,0.06833637743884757,0
0.05687725914535546,0.5008281900016218,1
0.9804856634690068,0.28648634831524233,0
0.09645086069738418,0.2851749281325723,1
0.8634706491935857,0.3559275512159842,0
0.5665061069891627,0.3147327720004758,1
0.36791748781787337,0.5786099801171002,1
0.3423423766251579,0.683601500353557,1
0.7573641432377087,0.26874938707673546,1
0.3145732950042872,0.12976262256838134,1
0.6573189166171418,0.0588087209344621,0
0.5173260835160801,0.5757528450305522,1
0.4849656451580705,0.1861301663330024,1
0.9011621706491616,0.009247994223699374,0
0.5546450586202596,0.9277530793237041,1
0.8268616030486949,0.5371404190832406,1
0.7255735341014894,0.09244818024697277,0
0.03855724605899835,0.8429211121274853,0
0.7731100525054192,0.9832027382901181,1
0.21687025009104066,0.4486006620177172,1
0.9031496468515715,0.04248960823815817,0
0.042924190608832014,0.1175459407560635,1
0.33307203447431877,0.38165374664543217,1
0.09973294723475401,0.885522637448877,0
0.47558911708484375,0.14803867927776204,1
0.8200224358697518,0.8239900940026955,1
0.2981873596630641,0.014976260219019433,1
0.1509348973110416,0.457388698785811,1
0.3302670356968992,0.6443971409505681,1
0.813880141920636,0.0603794820255964,0
0.14038395779934687,0.6147627506164867,1
0.2273624490775018,0.9444041214695561,0
0.06885196449337394,0.16025992013659507,1
0.7057100439896077,0.7296113830353528,1
0.3952332435363368,0.6090938979435434,1
0.310839977143316,0.18511638887923054,1
0.7186263903411519,0.006203414709366029,0
0.33597754234025523,0.009284450505927078,1
0.727771273214418,0.5320924091720286,1
0.8151993953143135,0.9427794095611935,1
0.21766284345773845,0.6442986274656124,1
0.9738186968459833,0.7142998462937437,1
0.16235794791266678,0.4938654869205371,1
0.29084090665674256,0.5818889426345698,1
0.17979529083354162,0.12636752533060347,1
0.34550565635633446,0.8768206204006308,0
0.4800608878207556,0.7607926286668019,1
0.5221758690021191,0.9981989528446096,1
0.853606042296272,0.29772294755562134,0
0.8894479088158666,0.22701777179605787,0
0.22010386078090638,0.12516165796134293,1
0.6228940321857525,0.9642097566160448,1
0.11149605729871559,0.7808851846280236,0
0.4589698601820683,0.1663246137196387,1
0.32233353804661813,0.5526864711082139,1
0.3165007454536064,0.41376820806727677,1
0.482584241712101,0.1514860078061928,1
0.7298276355292675,0.16207298502996548,0
0.0691826587923895,0.9634699947451857,0
0.8791733376874045,0.3049641829577222,0
0.7348137746305611,0.9414392916839432,1
0.17649938888906014,0.0756106730650844,1
0.9391609090873704,0.4608030422931906,1
0.5063122240233886,0.1296190485167601,1
0.9998085781169653,0.004787385241172171,0
0.19725947430073765,0.5537660737060766,1
0.5349081983832014,0.11389410481136342,1
0.2902480425599284,0.7220245309336797,1
0.30417355738924656,0.6981163757068996,1
0.5910653808339902,0.17633290746448915,1
0.9217190668708333,0.9417421432655166,1
0.805263855579175,0.7210434084324896,1
0.7239413985013259,0.29797026415692995,1
0.5591737821017022,0.7092337639507906,1
0.9222985036674477,0.731930277681536,1
0.49236140669088413,0.3422263312509606,1
0.8738321783347182,0.3755885624614592,1
0.8339816438766318,0.3591065076533001,1
0.21383534680158656,0.6166184435520741,1
0.7712254629659102,0.9004101465401794,1
0.012171156943258765,0.17319323622858762,1
0.3228295375480875,0.8751996098363184,0
0.22956744469194978,0.027653156505342502,1
0.5068629584873134,0.6603385959782224,1
0.7368531616807855,0.4144388731896942,1
0.09767636744772412,0.7912815522324937,0
0.5149222019367684,0.721198112930903,1
0.9384120216943856,0.480107807145184,1
0.2286465509829455,0.6438640367225967,1
0.6771411441114241,0.5017731306999452,1
